app,issue_key,issue_size,n_unique_text_key,unique_text_ratio,other_token_count,has_any_anchor_rate,median_raw_text_len,broad_issue_flag,kept_issue_size
途牛,message_send.chat.other,193,188,0.9740932642487047,1,1.0,31.0,1,0
途牛,other.other.other,159,158,0.9937106918238994,3,1.0,30.0,1,0
途牛,private_chat.chat.other,128,128,1.0,1,1.0,33.0,1,0
途牛,message_send.page_view.other,94,92,0.9787234042553191,1,1.0,37.5,1,0
途牛,other.page_view.other,92,92,1.0,2,1.0,33.5,1,0
Slife,other.other.other,90,89,0.9888888888888889,3,1.0,28.0,1,0
Slife,step_count.step.other,90,90,1.0,1,1.0,36.0,1,0
途牛,private_chat.page_view.other,76,74,0.9736842105263158,1,1.0,48.0,1,0
途牛,other.other.cannot_or_fail,72,71,0.9861111111111112,2,1.0,29.0,1,0
Slife,share.share_panel.other,72,72,1.0,1,1.0,32.0,1,0
途牛,message_send.chat.cannot_or_fail,62,61,0.9838709677419355,0,1.0,33.5,1,0
途牛,message_send.image_banner.other,60,58,0.9666666666666667,1,1.0,26.5,1,0
jayme,search.other.other,52,51,0.9807692307692307,2,1.0,34.0,1,0
途牛,message_send.button_icon.other,49,48,0.9795918367346939,1,1.0,41.0,1,0
jayme,other.other.other,46,46,1.0,3,1.0,32.0,1,0
途牛,playback.audio.other,46,45,0.9782608695652174,1,1.0,29.0,1,0
jayme,groupchat.chat.other,45,44,0.9777777777777777,1,1.0,45.0,1,0
途牛,other.button_icon.other,44,44,1.0,2,1.0,39.0,1,0
雅思听力,other.other.other,43,43,1.0,3,1.0,26.0,1,0
途牛,message_send.list_item.other,43,42,0.9767441860465116,1,1.0,35.0,1,0
途牛,message_send.page_view.cannot_or_fail,43,43,1.0,0,1.0,37.0,1,0
途牛,message_send.image_banner.cannot_or_fail,41,40,0.975609756097561,0,1.0,32.0,1,0
Slife,share.share_panel.cannot_share,40,40,1.0,0,1.0,30.0,1,0
途牛,private_chat.chat.cannot_or_fail,40,40,1.0,0,1.0,35.0,1,0
途牛,message_send.other.other,39,36,0.9230769230769231,2,1.0,26.0,1,0
Slife,run_walk.page_view.other,39,38,0.9743589743589743,1,1.0,48.0,1,0
途牛,message_send.audio.other,37,35,0.9459459459459459,1,1.0,35.0,1,0
Slife,settings.page_view.other,37,37,1.0,1,1.0,35.0,1,0
Slife,share.page_view.other,36,35,0.9722222222222222,1,1.0,38.5,1,0
途牛,search.chat.cannot_or_fail,31,31,1.0,0,1.0,28.0,1,0
Slife,other.page_view.other,30,27,0.9,2,1.0,31.0,1,0
途牛,other.input_box.other,28,26,0.9285714285714286,2,1.0,28.0,1,0
jayme,search.chat.other,28,28,1.0,1,1.0,34.0,1,0
途牛,other.image_banner.other,26,25,0.9615384615384616,2,1.0,30.5,1,0
途牛,other.page_view.cannot_or_fail,25,24,0.96,1,1.0,34.0,0,24
Slife,run_walk.other.other,24,24,1.0,2,1.0,27.5,1,0
Slife,step_count.page_view.other,23,23,1.0,1,1.0,33.0,0,23
jayme,groupchat.page_view.other,23,23,1.0,1,1.0,51.0,0,23
Slife,register.other.other,22,22,1.0,2,1.0,39.5,1,0
Slife,share.button_icon.other,22,22,1.0,1,1.0,45.5,0,22
沪江英语,course.page_view.other,22,22,1.0,1,1.0,50.5,0,22
途牛,message_send.input_box.other,22,22,1.0,1,1.0,36.0,0,22
雅思听力,other.page_view.other,21,21,1.0,2,1.0,26.0,1,0
途牛,login.other.other,20,19,0.95,2,1.0,26.5,1,0
途牛,search.other.other,20,20,1.0,2,1.0,29.0,1,0
途牛,message_send.other.cannot_or_fail,19,18,0.9473684210526315,1,1.0,33.0,0,18
途牛,other.chat.cannot_or_fail,19,19,1.0,1,1.0,29.0,0,19
途牛,other.other.crash,18,17,0.9444444444444444,2,1.0,22.0,1,0
Slife,login.other.other,18,18,1.0,2,1.0,28.5,1,0
途牛,private_chat.button_icon.other,18,17,0.9444444444444444,1,1.0,38.0,0,17
jayme,message_send.page_view.other,18,18,1.0,1,1.0,30.5,0,18
途牛,other.image_banner.cannot_or_fail,18,18,1.0,1,1.0,30.0,0,18
途牛,search.other.cannot_or_fail,18,18,1.0,1,1.0,31.0,0,18
途牛,search.chat.other,17,16,0.9411764705882353,1,1.0,29.0,0,16
jayme,search.button_icon.other,17,17,1.0,1,1.0,43.0,0,17
Slife,share.share_panel.cannot_send,17,17,1.0,0,1.0,35.0,0,17
jayme,groupchat.chat.cannot_or_fail,17,17,1.0,0,1.0,47.0,0,17
Slife,other.button_icon.other,16,12,0.75,2,1.0,30.0,1,0
途牛,other.chat.other,16,15,0.9375,2,1.0,33.5,1,0
Slife,run_walk.other.cannot_or_fail,16,16,1.0,1,1.0,36.5,0,16
Slife,run_walk.step.other,16,16,1.0,1,1.0,44.5,0,16
Slife,other.step.other,15,15,1.0,2,1.0,35.0,1,0
jayme,groupchat.other.other,15,15,1.0,2,1.0,39.0,1,0
途牛,settings.page_view.other,15,15,1.0,1,1.0,28.0,0,15
雅思听力,other.step.other,14,14,1.0,2,1.0,23.5,1,0
途牛,private_chat.input_box.other,14,13,0.9285714285714286,1,1.0,61.5,0,13
沪江英语,course.list_item.other,14,14,1.0,1,1.0,33.0,0,14
途牛,other.page_view.crash,14,14,1.0,1,1.0,24.5,0,14
途牛,private_chat.image_banner.other,14,14,1.0,1,1.0,33.5,0,14
途牛,message_send.audio.cannot_or_fail,14,13,0.9285714285714286,0,1.0,26.0,0,13
Slife,gps_track.gps.other,13,13,1.0,1,1.0,38.0,0,13
Slife,login.page_view.other,13,13,1.0,1,1.0,42.0,0,13
华为运动,settings.page_view.other,13,13,1.0,1,1.0,46.0,0,13
Slife,share.share_panel.cannot_or_fail,13,13,1.0,0,1.0,24.0,0,13
Slife,share.share_panel.wrong_value,13,13,1.0,0,1.0,30.0,0,13
途牛,message_send.list_item.wrong_value,13,13,1.0,0,1.0,41.0,0,13
途牛,private_chat.page_view.cannot_or_fail,13,13,1.0,0,1.0,35.0,0,13
Slife,settings.other.other,12,12,1.0,2,1.0,43.5,1,0
华为运动,other.page_view.other,12,12,1.0,2,1.0,37.0,1,0
途牛,other.list_item.other,12,12,1.0,2,1.0,28.0,1,0
途牛,other.other.wrong_value,12,12,1.0,2,1.0,21.5,1,0
jayme,search.list_item.other,12,12,1.0,1,1.0,54.5,0,12
途牛,share.page_view.other,12,12,1.0,1,1.0,38.0,0,12
Slife,run_walk.page_view.cannot_or_fail,12,12,1.0,0,1.0,64.5,0,12
途牛,message_send.chat.cannot_send,12,12,1.0,0,1.0,33.0,0,12
途牛,private_chat.image_banner.cannot_or_fail,12,12,1.0,0,1.0,37.0,0,12
沪江英语,other.other.other,11,11,1.0,3,1.0,30.0,0,11
Slife,share.image_banner.other,11,11,1.0,1,1.0,63.0,0,11
Slife,step_count.list_item.other,11,11,1.0,1,1.0,41.0,0,11
jayme,message_send.list_item.other,11,11,1.0,1,1.0,26.0,0,11
途牛,login.page_view.other,11,11,1.0,1,1.0,30.0,0,11
途牛,other.page_view.layout_issue,11,11,1.0,1,1.0,30.0,0,11
途牛,search.page_view.other,11,11,1.0,1,1.0,30.0,0,11
Slife,step_count.step.cannot_or_fail,11,11,1.0,0,1.0,43.0,0,11
途牛,message_send.input_box.cannot_or_fail,11,11,1.0,0,1.0,37.0,0,11
途牛,playback.audio.cannot_or_fail,11,11,1.0,0,1.0,26.0,0,11
途牛,private_chat.chat.crash,11,11,1.0,0,1.0,32.0,0,11
途牛,search.page_view.cannot_or_fail,11,11,1.0,0,1.0,47.0,0,11
Slife,other.other.cannot_or_fail,10,10,1.0,2,1.0,29.5,0,10
途牛,register.other.other,10,10,1.0,2,1.0,30.0,0,10
jayme,message_send.chat.other,10,10,1.0,1,1.0,36.5,0,10
jayme,search.other.cannot_or_fail,10,10,1.0,1,1.0,36.5,0,10
华为运动,run_walk.page_view.other,10,10,1.0,1,1.0,57.0,0,10
途牛,groupchat.chat.other,10,10,1.0,1,1.0,29.5,0,10
途牛,message_send.chat.no_prompt,10,9,0.9,0,1.0,27.0,0,9
Slife,settings.page_view.cannot_or_fail,10,10,1.0,0,1.0,49.5,0,10
jayme,groupchat.page_view.cannot_or_fail,10,10,1.0,0,1.0,57.0,0,10
华为运动,other.other.other,9,9,1.0,3,1.0,32.0,0,9
途牛,other.button_icon.crash,9,8,0.8888888888888888,1,1.0,30.0,0,8
沪江英语,login.page_view.other,9,9,1.0,1,1.0,46.0,0,9
途牛,other.button_icon.cannot_or_fail,9,9,1.0,1,1.0,41.0,0,9
Slife,share.page_view.cannot_share,9,9,1.0,0,1.0,56.0,0,9
Slife,share.page_view.wrong_value,9,9,1.0,0,1.0,54.0,0,9
途牛,gps_track.gps.cannot_or_fail,9,9,1.0,0,1.0,25.0,0,9
途牛,message_send.chat.freeze,9,9,1.0,0,1.0,29.0,0,9
沪江英语,register.other.other,8,8,1.0,2,1.0,39.0,0,8
雅思听力,other.other.cannot_or_fail,8,8,1.0,2,1.0,23.0,0,8
Slife,register.page_view.other,8,7,0.875,1,1.0,30.0,0,7
Slife,settings.button_icon.other,8,8,1.0,1,1.0,39.5,0,8
沪江英语,course.button_icon.other,8,8,1.0,1,1.0,52.0,0,8
途牛,other.input_box.cannot_or_fail,8,8,1.0,1,1.0,29.0,0,8
途牛,other.list_item.cannot_or_fail,8,8,1.0,1,1.0,28.5,0,8
途牛,share.share_panel.other,8,8,1.0,1,1.0,24.0,0,8
沪江英语,course.page_view.cannot_or_fail,8,8,1.0,0,1.0,63.0,0,8
途牛,share.share_panel.cannot_share,8,8,1.0,0,1.0,29.0,0,8
jayme,other.other.cannot_or_fail,7,7,1.0,2,1.0,40.0,0,7
途牛,other.other.freeze,7,7,1.0,2,1.0,28.0,0,7
雅思听力,other.button_icon.other,7,7,1.0,2,1.0,25.0,0,7
Slife,other.page_view.cannot_or_fail,7,7,1.0,1,1.0,48.0,0,7
jayme,register.other.cannot_or_fail,7,7,1.0,1,1.0,34.0,0,7
华为运动,step_count.step.other,7,7,1.0,1,1.0,31.0,0,7
沪江英语,login.button_icon.other,7,7,1.0,1,1.0,68.0,0,7
沪江英语,register.button_icon.other,7,7,1.0,1,1.0,54.0,0,7
途牛,login.other.cannot_or_fail,7,7,1.0,1,1.0,21.0,0,7
途牛,notification.other.cannot_or_fail,7,7,1.0,1,1.0,28.0,0,7
途牛,private_chat.list_item.other,7,7,1.0,1,1.0,39.0,0,7
途牛,register.page_view.other,7,7,1.0,1,1.0,46.0,0,7
途牛,message_send.page_view.wrong_value,7,6,0.8571428571428571,0,1.0,68.0,0,6
Slife,share.page_view.cannot_or_fail,7,7,1.0,0,1.0,53.0,0,7
jayme,search.chat.cannot_or_fail,7,7,1.0,0,1.0,43.0,0,7
途牛,message_send.chat.crash,7,7,1.0,0,1.0,25.0,0,7
途牛,message_send.page_view.crash,7,7,1.0,0,1.0,68.0,0,7
途牛,search.list_item.cannot_or_fail,7,7,1.0,0,1.0,30.0,0,7
Slife,step_count.other.other,6,6,1.0,2,1.0,37.5,0,6
华为运动,other.button_icon.other,6,6,1.0,2,1.0,60.5,0,6
华为运动,run_walk.other.other,6,6,1.0,2,1.0,50.0,0,6
沪江英语,other.other.cannot_or_fail,6,6,1.0,2,1.0,54.0,0,6
途牛,notification.other.other,6,6,1.0,2,1.0,35.0,0,6
途牛,other.step.other,6,6,1.0,2,1.0,47.5,0,6
雅思听力,register.other.other,6,6,1.0,2,1.0,40.0,0,6
Slife,share.chat.other,6,5,0.8333333333333334,1,1.0,59.0,0,5
华为运动,login.page_view.other,6,5,0.8333333333333334,1,1.0,38.0,0,5
沪江英语,register.page_view.other,6,5,0.8333333333333334,1,1.0,44.5,0,5
Slife,other.step.cannot_or_fail,6,6,1.0,1,1.0,27.0,0,6
Slife,register.other.wrong_value,6,6,1.0,1,1.0,68.0,0,6
Slife,settings.other.cannot_or_fail,6,6,1.0,1,1.0,36.5,0,6
华为运动,gps_track.gps.other,6,6,1.0,1,1.0,32.5,0,6
华为运动,step_count.page_view.other,6,6,1.0,1,1.0,35.5,0,6
途牛,comment.input_box.other,6,6,1.0,1,1.0,46.5,0,6
途牛,comment.list_item.other,6,6,1.0,1,1.0,22.5,0,6
雅思听力,settings.page_view.other,6,6,1.0,1,1.0,38.5,0,6
Slife,step_count.step.wrong_value,6,6,1.0,0,1.0,27.5,0,6
jayme,search.page_view.no_prompt,6,6,1.0,0,1.0,50.5,0,6
途牛,login.chat.cannot_or_fail,6,6,1.0,0,1.0,42.0,0,6
途牛,message_send.button_icon.cannot_or_fail,6,6,1.0,0,1.0,36.5,0,6
途牛,message_send.chat.wrong_value,6,6,1.0,0,1.0,26.0,0,6
途牛,private_chat.list_item.cannot_or_fail,6,6,1.0,0,1.0,37.5,0,6
途牛,private_chat.page_view.crash,6,6,1.0,0,1.0,63.5,0,6
途牛,private_chat.page_view.wrong_value,6,6,1.0,0,1.0,68.0,0,6
途牛,settings.page_view.cannot_or_fail,6,6,1.0,0,1.0,25.5,0,6
jayme,other.chat.other,5,5,1.0,2,1.0,27.0,0,5
jayme,other.other.layout_issue,5,5,1.0,2,1.0,62.0,0,5
jayme,other.other.no_prompt,5,5,1.0,2,1.0,34.0,0,5
jayme,other.page_view.other,5,5,1.0,2,1.0,39.0,0,5
途牛,other.other.permission,5,5,1.0,2,1.0,27.0,0,5
雅思听力,login.other.other,5,5,1.0,2,1.0,24.0,0,5
雅思听力,other.input_box.other,5,5,1.0,2,1.0,21.0,0,5
jayme,login.button_icon.other,5,2,0.4,1,1.0,55.0,0,2
华为运动,settings.other.cannot_or_fail,5,4,0.8,1,1.0,43.0,0,4
途牛,message_send.other.freeze,5,4,0.8,1,1.0,35.0,0,4
Slife,register.other.cannot_or_fail,5,5,1.0,1,1.0,33.0,0,5
jayme,groupchat.button_icon.other,5,5,1.0,1,1.0,65.0,0,5
jayme,groupchat.image_banner.other,5,5,1.0,1,1.0,63.0,0,5
jayme,message_send.input_box.other,5,5,1.0,1,1.0,57.0,0,5
华为运动,run_walk.list_item.other,5,5,1.0,1,1.0,54.0,0,5
途牛,comment.button_icon.other,5,5,1.0,1,1.0,25.0,0,5
途牛,message_send.step.other,5,5,1.0,1,1.0,26.0,0,5
途牛,playback.chat.other,5,5,1.0,1,1.0,31.0,0,5
途牛,playback.step.other,5,5,1.0,1,1.0,60.0,0,5
雅思听力,other.page_view.cannot_or_fail,5,5,1.0,1,1.0,25.0,0,5
雅思听力,register.page_view.other,5,5,1.0,1,1.0,22.0,0,5
Slife,share.button_icon.cannot_send,5,4,0.8,0,1.0,68.0,0,4
jayme,message_send.page_view.wrong_value,5,4,0.8,0,1.0,68.0,0,4
Slife,share.button_icon.cannot_share,5,5,1.0,0,1.0,68.0,0,5
Slife,share.share_panel.crash,5,5,1.0,0,1.0,37.0,0,5
Slife,step_count.step.freeze,5,5,1.0,0,1.0,47.0,0,5
jayme,groupchat.page_view.no_prompt,5,5,1.0,0,1.0,51.0,0,5
jayme,message_send.chat.cannot_or_fail,5,5,1.0,0,1.0,22.0,0,5
途牛,message_send.chat.layout_issue,5,5,1.0,0,1.0,55.0,0,5
途牛,message_send.list_item.cannot_or_fail,5,5,1.0,0,1.0,33.0,0,5
途牛,private_chat.list_item.wrong_value,5,5,1.0,0,1.0,56.0,0,5
jayme,register.other.other,4,4,1.0,2,1.0,41.5,0,4
途牛,other.other.cannot_delete,4,4,1.0,2,1.0,31.0,0,4
雅思听力,other.other.wrong_value,4,4,1.0,2,1.0,30.0,0,4
雅思听力,login.button_icon.other,4,1,0.25,1,1.0,21.0,0,1
Slife,login.other.cannot_or_fail,4,4,1.0,1,1.0,28.5,0,4
Slife,other.page_view.layout_issue,4,4,1.0,1,1.0,34.0,0,4
Slife,other.step.wrong_value,4,4,1.0,1,1.0,34.5,0,4
Slife,run_walk.list_item.other,4,4,1.0,1,1.0,34.5,0,4
Slife,search.button_icon.other,4,4,1.0,1,1.0,35.0,0,4
Slife,search.chat.other,4,4,1.0,1,1.0,32.0,0,4
Slife,settings.step.other,4,4,1.0,1,1.0,43.5,0,4
jayme,groupchat.list_item.other,4,4,1.0,1,1.0,35.0,0,4
jayme,other.chat.cannot_or_fail,4,4,1.0,1,1.0,27.0,0,4
jayme,playback.audio.other,4,4,1.0,1,1.0,35.5,0,4
华为运动,other.chat.cannot_or_fail,4,4,1.0,1,1.0,50.5,0,4
沪江英语,login.other.cannot_or_fail,4,4,1.0,1,1.0,42.0,0,4
途牛,login.chat.other,4,4,1.0,1,1.0,40.0,0,4
途牛,login.share_panel.other,4,4,1.0,1,1.0,37.0,0,4
途牛,other.page_view.freeze,4,4,1.0,1,1.0,29.5,0,4
途牛,search.button_icon.other,4,4,1.0,1,1.0,67.5,0,4
途牛,search.list_item.other,4,4,1.0,1,1.0,47.5,0,4
途牛,shopping.commerce.other,4,4,1.0,1,1.0,36.5,0,4
雅思听力,login.other.cannot_or_fail,4,4,1.0,1,1.0,19.0,0,4
雅思听力,login.page_view.other,4,4,1.0,1,1.0,35.5,0,4
雅思听力,other.page_view.layout_issue,4,4,1.0,1,1.0,29.5,0,4
雅思听力,playback.list_item.other,4,4,1.0,1,1.0,25.5,0,4
jayme,groupchat.page_view.permission,4,3,0.75,0,1.0,67.5,0,3
途牛,private_chat.input_box.cannot_or_fail,4,3,0.75,0,1.0,50.0,0,3
Slife,register.page_view.wrong_value,4,4,1.0,0,1.0,59.5,0,4
Slife,run_walk.page_view.wrong_value,4,4,1.0,0,1.0,45.5,0,4
Slife,run_walk.step.cannot_or_fail,4,4,1.0,0,1.0,51.5,0,4
Slife,settings.page_view.no_prompt,4,4,1.0,0,1.0,66.0,0,4
Slife,share.share_panel.load_fail,4,4,1.0,0,1.0,59.0,0,4
Slife,step_count.list_item.cannot_or_fail,4,4,1.0,0,1.0,59.5,0,4
Slife,step_count.list_item.wrong_value,4,4,1.0,0,1.0,49.0,0,4
Slife,step_count.page_view.cannot_or_fail,4,4,1.0,0,1.0,47.0,0,4
jayme,groupchat.chat.no_prompt,4,4,1.0,0,1.0,42.0,0,4
jayme,groupchat.page_view.wrong_value,4,4,1.0,0,1.0,57.0,0,4
jayme,search.page_view.cannot_or_fail,4,4,1.0,0,1.0,39.5,0,4
华为运动,gps_track.gps.wrong_value,4,4,1.0,0,1.0,44.5,0,4
沪江英语,course.list_item.cannot_or_fail,4,4,1.0,0,1.0,46.5,0,4
途牛,gps_track.gps.permission,4,4,1.0,0,1.0,19.0,0,4
途牛,gps_track.list_item.cannot_or_fail,4,4,1.0,0,1.0,28.0,0,4
途牛,login.share_panel.cannot_or_fail,4,4,1.0,0,1.0,27.5,0,4
途牛,login.share_panel.permission,4,4,1.0,0,1.0,25.0,0,4
途牛,message_send.button_icon.load_fail,4,4,1.0,0,1.0,68.0,0,4
途牛,message_send.image_banner.cannot_send,4,4,1.0,0,1.0,28.0,0,4
途牛,private_chat.button_icon.cannot_or_fail,4,4,1.0,0,1.0,45.5,0,4
途牛,private_chat.chat.wrong_value,4,4,1.0,0,1.0,41.5,0,4
途牛,private_chat.page_view.display_missing,4,4,1.0,0,1.0,38.5,0,4
Slife,other.image_banner.other,3,3,1.0,2,1.0,59.0,0,3
jayme,other.button_icon.other,3,3,1.0,2,1.0,31.0,0,3
jayme,other.list_item.other,3,3,1.0,2,1.0,36.0,0,3
华为运动,other.list_item.other,3,3,1.0,2,1.0,26.0,0,3
华为运动,other.other.cannot_or_fail,3,3,1.0,2,1.0,28.0,0,3
华为运动,other.step.other,3,3,1.0,2,1.0,31.0,0,3
华为运动,settings.other.other,3,3,1.0,2,1.0,33.0,0,3
沪江英语,login.other.other,3,3,1.0,2,1.0,36.0,0,3
沪江英语,other.other.crash,3,3,1.0,2,1.0,39.0,0,3
沪江英语,other.page_view.other,3,3,1.0,2,1.0,50.0,0,3
途牛,other.commerce.other,3,3,1.0,2,1.0,25.0,0,3
途牛,other.other.cannot_send,3,3,1.0,2,1.0,23.0,0,3
雅思听力,other.other.freeze,3,3,1.0,2,1.0,26.0,0,3
途牛,other.image_banner.crash,3,2,0.6666666666666666,1,1.0,21.0,0,2
Slife,login.button_icon.other,3,3,1.0,1,1.0,68.0,0,3
Slife,register.input_box.other,3,3,1.0,1,1.0,56.0,0,3
Slife,run_walk.other.wrong_value,3,3,1.0,1,1.0,60.0,0,3
Slife,settings.slider.other,3,3,1.0,1,1.0,44.0,0,3
Slife,step_count.gps.other,3,3,1.0,1,1.0,28.0,0,3
jayme,groupchat.other.cannot_or_fail,3,3,1.0,1,1.0,56.0,0,3
jayme,groupchat.other.wrong_value,3,3,1.0,1,1.0,64.0,0,3
jayme,message_send.other.cannot_or_fail,3,3,1.0,1,1.0,28.0,0,3
jayme,search.other.no_prompt,3,3,1.0,1,1.0,30.0,0,3
jayme,search.other.wrong_value,3,3,1.0,1,1.0,42.0,0,3
华为运动,login.button_icon.other,3,3,1.0,1,1.0,27.0,0,3
华为运动,run_walk.other.cannot_or_fail,3,3,1.0,1,1.0,34.0,0,3
华为运动,step_count.list_item.other,3,3,1.0,1,1.0,49.0,0,3
沪江英语,register.other.wrong_value,3,3,1.0,1,1.0,42.0,0,3
沪江英语,share.list_item.other,3,3,1.0,1,1.0,51.0,0,3
沪江英语,sort.list_item.other,3,3,1.0,1,1.0,36.0,0,3
途牛,gps_track.gps.other,3,3,1.0,1,1.0,19.0,0,3
途牛,login.other.wrong_value,3,3,1.0,1,1.0,20.0,0,3
途牛,message_send.other.cannot_send,3,3,1.0,1,1.0,36.0,0,3
途牛,other.button_icon.cannot_delete,3,3,1.0,1,1.0,44.0,0,3
途牛,other.button_icon.layout_issue,3,3,1.0,1,1.0,26.0,0,3
途牛,other.image_banner.load_fail,3,3,1.0,1,1.0,32.0,0,3
途牛,other.page_view.load_fail,3,3,1.0,1,1.0,34.0,0,3
途牛,register.other.cannot_or_fail,3,3,1.0,1,1.0,24.0,0,3
途牛,register.other.wrong_value,3,3,1.0,1,1.0,37.0,0,3
途牛,search.gps.other,3,3,1.0,1,1.0,28.0,0,3
雅思听力,comment.list_item.other,3,3,1.0,1,1.0,40.0,0,3
雅思听力,playback.audio.other,3,3,1.0,1,1.0,50.0,0,3
雅思听力,playback.button_icon.other,3,3,1.0,1,1.0,60.0,0,3
雅思听力,register.other.cannot_or_fail,3,3,1.0,1,1.0,39.0,0,3
途牛,register.button_icon.wrong_value,3,2,0.6666666666666666,0,1.0,68.0,0,2
Slife,register.input_box.wrong_value,3,3,1.0,0,1.0,45.0,0,3
Slife,run_walk.step.wrong_value,3,3,1.0,0,1.0,68.0,0,3
Slife,settings.button_icon.cannot_or_fail,3,3,1.0,0,1.0,38.0,0,3
Slife,share.chat.cannot_or_fail,3,3,1.0,0,1.0,37.0,0,3
Slife,step_count.page_view.wrong_value,3,3,1.0,0,1.0,68.0,0,3
jayme,groupchat.chat.layout_issue,3,3,1.0,0,1.0,68.0,0,3
jayme,search.button_icon.cannot_or_fail,3,3,1.0,0,1.0,52.0,0,3
jayme,search.list_item.cannot_or_fail,3,3,1.0,0,1.0,25.0,0,3
jayme,search.page_view.layout_issue,3,3,1.0,0,1.0,50.0,0,3
华为运动,run_walk.list_item.cannot_or_fail,3,3,1.0,0,1.0,48.0,0,3
华为运动,settings.page_view.cannot_or_fail,3,3,1.0,0,1.0,51.0,0,3
沪江英语,login.page_view.cannot_or_fail,3,3,1.0,0,1.0,32.0,0,3
沪江英语,login.page_view.wrong_value,3,3,1.0,0,1.0,68.0,0,3
沪江英语,register.page_view.crash,3,3,1.0,0,1.0,64.0,0,3
途牛,comment.list_item.cannot_or_fail,3,3,1.0,0,1.0,32.0,0,3
途牛,gps_track.page_view.cannot_or_fail,3,3,1.0,0,1.0,24.0,0,3
途牛,groupchat.chat.cannot_or_fail,3,3,1.0,0,1.0,34.0,0,3
途牛,login.button_icon.permission,3,3,1.0,0,1.0,35.0,0,3
途牛,message_send.audio.freeze,3,3,1.0,0,1.0,37.0,0,3
途牛,message_send.audio.wrong_value,3,3,1.0,0,1.0,38.0,0,3
途牛,message_send.chat.display_missing,3,3,1.0,0,1.0,38.0,0,3
途牛,message_send.list_item.cannot_delete,3,3,1.0,0,1.0,28.0,0,3
途牛,message_send.page_view.freeze,3,3,1.0,0,1.0,31.0,0,3
途牛,message_send.page_view.no_prompt,3,3,1.0,0,1.0,24.0,0,3
途牛,notification.audio.cannot_or_fail,3,3,1.0,0,1.0,46.0,0,3
途牛,playback.audio.wrong_value,3,3,1.0,0,1.0,23.0,0,3
途牛,private_chat.chat.cannot_send,3,3,1.0,0,1.0,23.0,0,3
途牛,private_chat.chat.freeze,3,3,1.0,0,1.0,40.0,0,3
途牛,private_chat.image_banner.crash,3,3,1.0,0,1.0,29.0,0,3
途牛,register.button_icon.layout_issue,3,3,1.0,0,1.0,68.0,0,3
途牛,register.page_view.cannot_or_fail,3,3,1.0,0,1.0,68.0,0,3
途牛,share.page_view.cannot_or_fail,3,3,1.0,0,1.0,38.0,0,3
途牛,share.share_panel.freeze,3,3,1.0,0,1.0,27.0,0,3
途牛,shopping.commerce.cannot_or_fail,3,3,1.0,0,1.0,33.0,0,3
雅思听力,share.button_icon.cannot_share,3,3,1.0,0,1.0,51.0,0,3
沪江英语,other.input_box.other,2,1,0.5,2,1.0,32.0,0,1
Slife,other.chat.other,2,2,1.0,2,1.0,25.0,0,2
Slife,other.list_item.other,2,2,1.0,2,1.0,47.0,0,2
Slife,other.other.display_missing,2,2,1.0,2,1.0,23.0,0,2
Slife,other.other.wrong_value,2,2,1.0,2,1.0,36.0,0,2
jayme,notification.other.other,2,2,1.0,2,1.0,43.0,0,2
jayme,other.input_box.other,2,2,1.0,2,1.0,27.0,0,2
jayme,other.other.wrong_value,2,2,1.0,2,1.0,53.5,0,2
沪江英语,other.other.wrong_value,2,2,1.0,2,1.0,59.0,0,2
沪江英语,sort.other.other,2,2,1.0,2,1.0,31.5,0,2
途牛,other.other.display_missing,2,2,1.0,2,1.0,37.5,0,2
途牛,other.other.no_prompt,2,2,1.0,2,1.0,42.5,0,2
雅思听力,other.other.crash,2,2,1.0,2,1.0,29.0,0,2
雅思听力,other.other.layout_issue,2,2,1.0,2,1.0,19.5,0,2
雅思听力,other.other.load_fail,2,2,1.0,2,1.0,35.0,0,2
沪江英语,other.input_box.wrong_value,2,1,0.5,1,1.0,22.0,0,1
途牛,notification.list_item.other,2,1,0.5,1,1.0,48.0,0,1
Slife,gps_track.list_item.other,2,2,1.0,1,1.0,48.0,0,2
Slife,login.list_item.other,2,2,1.0,1,1.0,61.5,0,2
Slife,login.share_panel.other,2,2,1.0,1,1.0,37.5,0,2
Slife,notification.page_view.other,2,2,1.0,1,1.0,44.5,0,2
Slife,other.button_icon.cannot_or_fail,2,2,1.0,1,1.0,62.0,0,2
Slife,register.other.no_prompt,2,2,1.0,1,1.0,23.0,0,2
Slife,settings.input_box.other,2,2,1.0,1,1.0,30.0,0,2
Slife,share.list_item.other,2,2,1.0,1,1.0,31.0,0,2
jayme,comment.page_view.other,2,2,1.0,1,1.0,46.5,0,2
jayme,other.button_icon.cannot_or_fail,2,2,1.0,1,1.0,56.5,0,2
jayme,other.page_view.crash,2,2,1.0,1,1.0,32.0,0,2
jayme,playback.page_view.other,2,2,1.0,1,1.0,51.0,0,2
jayme,register.other.cannot_input,2,2,1.0,1,1.0,38.5,0,2
jayme,register.other.wrong_value,2,2,1.0,1,1.0,35.5,0,2
jayme,register.page_view.other,2,2,1.0,1,1.0,32.5,0,2
jayme,search.page_view.other,2,2,1.0,1,1.0,48.5,0,2
jayme,settings.page_view.other,2,2,1.0,1,1.0,34.5,0,2
jayme,shopping.commerce.other,2,2,1.0,1,1.0,29.0,0,2
华为运动,message_send.chat.other,2,2,1.0,1,1.0,32.5,0,2
华为运动,notification.page_view.other,2,2,1.0,1,1.0,68.5,0,2
华为运动,other.page_view.cannot_or_fail,2,2,1.0,1,1.0,66.5,0,2
华为运动,other.step.wrong_value,2,2,1.0,1,1.0,31.0,0,2
华为运动,register.other.wrong_value,2,2,1.0,1,1.0,55.5,0,2
华为运动,run_walk.button_icon.other,2,2,1.0,1,1.0,68.0,0,2
华为运动,share.button_icon.other,2,2,1.0,1,1.0,64.0,0,2
华为运动,share.page_view.other,2,2,1.0,1,1.0,56.0,0,2
沪江英语,playback.list_item.other,2,2,1.0,1,1.0,62.5,0,2
沪江英语,register.other.cannot_or_fail,2,2,1.0,1,1.0,61.5,0,2
沪江英语,register.share_panel.other,2,2,1.0,1,1.0,27.0,0,2
沪江英语,share.share_panel.other,2,2,1.0,1,1.0,38.0,0,2
沪江英语,sort.page_view.other,2,2,1.0,1,1.0,60.5,0,2
途牛,comment.page_view.other,2,2,1.0,1,1.0,35.5,0,2
途牛,gps_track.page_view.other,2,2,1.0,1,1.0,31.0,0,2
途牛,groupchat.button_icon.other,2,2,1.0,1,1.0,36.0,0,2
途牛,groupchat.page_view.other,2,2,1.0,1,1.0,42.5,0,2
途牛,login.button_icon.other,2,2,1.0,1,1.0,34.0,0,2
途牛,login.image_banner.other,2,2,1.0,1,1.0,56.0,0,2
途牛,login.list_item.other,2,2,1.0,1,1.0,27.0,0,2
途牛,message_send.other.crash,2,2,1.0,1,1.0,39.0,0,2
途牛,message_send.other.wrong_value,2,2,1.0,1,1.0,35.5,0,2
途牛,notification.audio.other,2,2,1.0,1,1.0,33.0,0,2
途牛,notification.button_icon.other,2,2,1.0,1,1.0,33.5,0,2
途牛,other.image_banner.no_prompt,2,2,1.0,1,1.0,32.5,0,2
途牛,other.input_box.no_prompt,2,2,1.0,1,1.0,56.5,0,2
途牛,other.list_item.display_missing,2,2,1.0,1,1.0,30.0,0,2
途牛,other.page_view.cannot_input,2,2,1.0,1,1.0,68.0,0,2
途牛,other.page_view.wrong_value,2,2,1.0,1,1.0,22.5,0,2
途牛,other.step.cannot_or_fail,2,2,1.0,1,1.0,30.0,0,2
途牛,playback.button_icon.other,2,2,1.0,1,1.0,36.0,0,2
途牛,register.chat.other,2,2,1.0,1,1.0,60.0,0,2
雅思听力,other.button_icon.cannot_or_fail,2,2,1.0,1,1.0,59.0,0,2
雅思听力,other.input_box.wrong_value,2,2,1.0,1,1.0,29.0,0,2
雅思听力,other.page_view.freeze,2,2,1.0,1,1.0,49.5,0,2
雅思听力,playback.page_view.other,2,2,1.0,1,1.0,49.5,0,2
雅思听力,playback.slider.other,2,2,1.0,1,1.0,42.0,0,2
雅思听力,register.button_icon.other,2,2,1.0,1,1.0,33.0,0,2
雅思听力,register.input_box.other,2,2,1.0,1,1.0,22.5,0,2
雅思听力,settings.button_icon.other,2,2,1.0,1,1.0,42.5,0,2
Slife,login.share_panel.cannot_or_fail,2,1,0.5,0,1.0,52.0,0,1
Slife,share.page_view.permission,2,1,0.5,0,1.0,68.0,0,1
华为运动,gps_track.button_icon.cannot_or_fail,2,1,0.5,0,1.0,69.0,0,1
途牛,private_chat.list_item.cannot_delete,2,1,0.5,0,1.0,22.0,0,1
Slife,gps_track.gps.cannot_or_fail,2,2,1.0,0,1.0,38.0,0,2
Slife,login.page_view.cannot_or_fail,2,2,1.0,0,1.0,42.5,0,2
Slife,register.page_view.cannot_or_fail,2,2,1.0,0,1.0,48.5,0,2
Slife,register.page_view.no_prompt,2,2,1.0,0,1.0,68.0,0,2
Slife,run_walk.list_item.freeze,2,2,1.0,0,1.0,49.0,0,2
Slife,search.chat.cannot_or_fail,2,2,1.0,0,1.0,24.5,0,2
Slife,settings.step.cannot_or_fail,2,2,1.0,0,1.0,52.0,0,2
Slife,share.button_icon.load_fail,2,2,1.0,0,1.0,52.0,0,2
Slife,share.chat.wrong_value,2,2,1.0,0,1.0,68.0,0,2
Slife,share.list_item.cannot_share,2,2,1.0,0,1.0,59.5,0,2
Slife,share.page_view.cannot_send,2,2,1.0,0,1.0,60.5,0,2
Slife,share.page_view.layout_issue,2,2,1.0,0,1.0,47.5,0,2
Slife,share.page_view.no_prompt,2,2,1.0,0,1.0,62.0,0,2
Slife,share.share_panel.no_prompt,2,2,1.0,0,1.0,37.5,0,2
jayme,groupchat.button_icon.no_prompt,2,2,1.0,0,1.0,52.5,0,2
jayme,groupchat.chat.display_missing,2,2,1.0,0,1.0,45.5,0,2
jayme,groupchat.chat.permission,2,2,1.0,0,1.0,42.5,0,2
jayme,message_send.chat.crash,2,2,1.0,0,1.0,33.0,0,2
jayme,message_send.chat.layout_issue,2,2,1.0,0,1.0,30.5,0,2
jayme,message_send.list_item.wrong_value,2,2,1.0,0,1.0,41.0,0,2
jayme,message_send.page_view.layout_issue,2,2,1.0,0,1.0,25.0,0,2
jayme,register.input_box.cannot_input,2,2,1.0,0,1.0,68.0,0,2
jayme,register.page_view.cannot_input,2,2,1.0,0,1.0,45.0,0,2
jayme,search.button_icon.layout_issue,2,2,1.0,0,1.0,28.5,0,2
jayme,search.chat.layout_issue,2,2,1.0,0,1.0,32.5,0,2
jayme,search.chat.wrong_value,2,2,1.0,0,1.0,62.5,0,2
jayme,search.input_box.cannot_or_fail,2,2,1.0,0,1.0,33.5,0,2
华为运动,gps_track.gps.display_missing,2,2,1.0,0,1.0,52.5,0,2
华为运动,login.page_view.no_prompt,2,2,1.0,0,1.0,63.0,0,2
华为运动,run_walk.list_item.wrong_value,2,2,1.0,0,1.0,21.0,0,2
华为运动,run_walk.page_view.cannot_or_fail,2,2,1.0,0,1.0,49.5,0,2
华为运动,search.page_view.cannot_or_fail,2,2,1.0,0,1.0,47.0,0,2
华为运动,share.share_panel.cannot_or_fail,2,2,1.0,0,1.0,57.5,0,2
沪江英语,course.button_icon.cannot_or_fail,2,2,1.0,0,1.0,61.0,0,2
沪江英语,course.list_item.crash,2,2,1.0,0,1.0,66.0,0,2
沪江英语,course.page_view.wrong_value,2,2,1.0,0,1.0,68.0,0,2
沪江英语,message_send.input_box.cannot_or_fail,2,2,1.0,0,1.0,67.0,0,2
沪江英语,register.page_view.cannot_or_fail,2,2,1.0,0,1.0,62.5,0,2
沪江英语,register.page_view.no_prompt,2,2,1.0,0,1.0,69.0,0,2
沪江英语,search.page_view.cannot_or_fail,2,2,1.0,0,1.0,55.0,0,2
沪江英语,share.list_item.cannot_share,2,2,1.0,0,1.0,56.0,0,2
沪江英语,share.page_view.cannot_or_fail,2,2,1.0,0,1.0,62.0,0,2
途牛,comment.list_item.cannot_delete,2,2,1.0,0,1.0,49.0,0,2
途牛,comment.list_item.crash,2,2,1.0,0,1.0,20.5,0,2
途牛,comment.page_view.cannot_or_fail,2,2,1.0,0,1.0,38.5,0,2
途牛,login.button_icon.cannot_or_fail,2,2,1.0,0,1.0,23.5,0,2
途牛,login.chat.permission,2,2,1.0,0,1.0,29.0,0,2
途牛,login.page_view.wrong_value,2,2,1.0,0,1.0,54.0,0,2
途牛,message_send.audio.no_prompt,2,2,1.0,0,1.0,48.5,0,2
途牛,message_send.button_icon.crash,2,2,1.0,0,1.0,26.0,0,2
途牛,message_send.button_icon.wrong_value,2,2,1.0,0,1.0,44.0,0,2
途牛,message_send.image_banner.crash,2,2,1.0,0,1.0,47.0,0,2
途牛,message_send.image_banner.no_prompt,2,2,1.0,0,1.0,25.5,0,2
途牛,message_send.input_box.freeze,2,2,1.0,0,1.0,52.0,0,2
途牛,message_send.list_item.crash,2,2,1.0,0,1.0,53.5,0,2
途牛,message_send.list_item.no_prompt,2,2,1.0,0,1.0,32.5,0,2
途牛,message_send.page_view.display_missing,2,2,1.0,0,1.0,37.0,0,2
途牛,message_send.page_view.load_fail,2,2,1.0,0,1.0,38.0,0,2
途牛,private_chat.button_icon.cannot_delete,2,2,1.0,0,1.0,50.5,0,2
途牛,private_chat.chat.no_prompt,2,2,1.0,0,1.0,35.0,0,2
途牛,private_chat.image_banner.display_missing,2,2,1.0,0,1.0,22.0,0,2
途牛,private_chat.image_banner.freeze,2,2,1.0,0,1.0,28.0,0,2
途牛,private_chat.image_banner.wrong_value,2,2,1.0,0,1.0,56.0,0,2
途牛,private_chat.input_box.crash,2,2,1.0,0,1.0,51.5,0,2
途牛,private_chat.page_view.cannot_send,2,2,1.0,0,1.0,22.5,0,2
途牛,private_chat.page_view.load_fail,2,2,1.0,0,1.0,30.0,0,2
途牛,search.image_banner.cannot_or_fail,2,2,1.0,0,1.0,67.5,0,2
途牛,settings.page_view.crash,2,2,1.0,0,1.0,26.5,0,2
途牛,settings.page_view.no_prompt,2,2,1.0,0,1.0,42.5,0,2
途牛,share.button_icon.cannot_or_fail,2,2,1.0,0,1.0,28.0,0,2
途牛,share.button_icon.freeze,2,2,1.0,0,1.0,41.5,0,2
途牛,share.button_icon.wrong_value,2,2,1.0,0,1.0,62.0,0,2
途牛,share.share_panel.wrong_value,2,2,1.0,0,1.0,27.5,0,2
途牛,shopping.page_view.wrong_value,2,2,1.0,0,1.0,17.5,0,2
雅思听力,login.page_view.permission,2,2,1.0,0,1.0,27.0,0,2
雅思听力,share.share_panel.cannot_or_fail,2,2,1.0,0,1.0,31.0,0,2
Slife,message_send.other.other,1,1,1.0,2,1.0,40.0,0,1
Slife,notification.other.other,1,1,1.0,2,1.0,59.0,0,1
Slife,other.input_box.other,1,1,1.0,2,1.0,59.0,0,1
Slife,other.other.crash,1,1,1.0,2,1.0,36.0,0,1
Slife,other.other.freeze,1,1,1.0,2,1.0,51.0,0,1
Slife,other.other.layout_issue,1,1,1.0,2,1.0,51.0,0,1
Slife,other.other.no_prompt,1,1,1.0,2,1.0,28.0,0,1
Slife,search.other.other,1,1,1.0,2,1.0,68.0,0,1
jayme,comment.other.other,1,1,1.0,2,1.0,22.0,0,1
jayme,message_send.other.other,1,1,1.0,2,1.0,25.0,0,1
jayme,other.image_banner.other,1,1,1.0,2,1.0,28.0,0,1
jayme,other.other.cannot_input,1,1,1.0,2,1.0,68.0,0,1
jayme,other.other.crash,1,1,1.0,2,1.0,17.0,0,1
jayme,other.other.load_fail,1,1,1.0,2,1.0,23.0,0,1
jayme,other.step.other,1,1,1.0,2,1.0,42.0,0,1
jayme,playback.other.other,1,1,1.0,2,1.0,27.0,0,1
华为运动,login.other.other,1,1,1.0,2,1.0,49.0,0,1
华为运动,message_send.other.other,1,1,1.0,2,1.0,39.0,0,1
华为运动,other.chat.other,1,1,1.0,2,1.0,19.0,0,1
华为运动,other.image_banner.other,1,1,1.0,2,1.0,35.0,0,1
华为运动,other.other.load_fail,1,1,1.0,2,1.0,31.0,0,1
华为运动,other.other.wrong_value,1,1,1.0,2,1.0,38.0,0,1
沪江英语,other.button_icon.other,1,1,1.0,2,1.0,33.0,0,1
沪江英语,other.other.cannot_input,1,1,1.0,2,1.0,19.0,0,1
沪江英语,other.other.layout_issue,1,1,1.0,2,1.0,26.0,0,1
沪江英语,other.other.load_fail,1,1,1.0,2,1.0,32.0,0,1
沪江英语,search.other.other,1,1,1.0,2,1.0,28.0,0,1
途牛,other.other.cannot_input,1,1,1.0,2,1.0,35.0,0,1
途牛,other.other.layout_issue,1,1,1.0,2,1.0,22.0,0,1
途牛,other.other.load_fail,1,1,1.0,2,1.0,26.0,0,1
途牛,settings.other.other,1,1,1.0,2,1.0,19.0,0,1
途牛,sort.other.other,1,1,1.0,2,1.0,21.0,0,1
雅思听力,message_send.other.other,1,1,1.0,2,1.0,17.0,0,1
雅思听力,notification.other.other,1,1,1.0,2,1.0,39.0,0,1
雅思听力,other.list_item.other,1,1,1.0,2,1.0,45.0,0,1
雅思听力,other.other.permission,1,1,1.0,2,1.0,34.0,0,1
雅思听力,sort.other.other,1,1,1.0,2,1.0,16.0,0,1
Slife,login.image_banner.other,1,1,1.0,1,1.0,24.0,0,1
Slife,login.other.no_prompt,1,1,1.0,1,1.0,68.0,0,1
Slife,login.step.other,1,1,1.0,1,1.0,42.0,0,1
Slife,message_send.chat.other,1,1,1.0,1,1.0,47.0,0,1
Slife,message_send.list_item.other,1,1,1.0,1,1.0,50.0,0,1
Slife,notification.step.other,1,1,1.0,1,1.0,68.0,0,1
Slife,other.button_icon.display_missing,1,1,1.0,1,1.0,41.0,0,1
Slife,other.button_icon.wrong_value,1,1,1.0,1,1.0,24.0,0,1
Slife,other.image_banner.crash,1,1,1.0,1,1.0,60.0,0,1
Slife,other.list_item.freeze,1,1,1.0,1,1.0,30.0,0,1
Slife,other.page_view.wrong_value,1,1,1.0,1,1.0,64.0,0,1
Slife,other.step.freeze,1,1,1.0,1,1.0,35.0,0,1
Slife,other.step.no_prompt,1,1,1.0,1,1.0,68.0,0,1
Slife,register.button_icon.other,1,1,1.0,1,1.0,68.0,0,1
Slife,register.chat.other,1,1,1.0,1,1.0,20.0,0,1
Slife,register.list_item.other,1,1,1.0,1,1.0,22.0,0,1
Slife,register.other.load_fail,1,1,1.0,1,1.0,66.0,0,1
Slife,register.share_panel.other,1,1,1.0,1,1.0,52.0,0,1
Slife,register.step.other,1,1,1.0,1,1.0,27.0,0,1
Slife,run_walk.button_icon.other,1,1,1.0,1,1.0,39.0,0,1
Slife,run_walk.other.freeze,1,1,1.0,1,1.0,47.0,0,1
Slife,run_walk.other.layout_issue,1,1,1.0,1,1.0,34.0,0,1
Slife,run_walk.other.no_prompt,1,1,1.0,1,1.0,35.0,0,1
Slife,search.other.cannot_or_fail,1,1,1.0,1,1.0,20.0,0,1
Slife,search.page_view.other,1,1,1.0,1,1.0,38.0,0,1
Slife,settings.other.crash,1,1,1.0,1,1.0,69.0,0,1
Slife,share.slider.other,1,1,1.0,1,1.0,34.0,0,1
Slife,step_count.button_icon.other,1,1,1.0,1,1.0,48.0,0,1
Slife,step_count.other.freeze,1,1,1.0,1,1.0,33.0,0,1
jayme,comment.input_box.other,1,1,1.0,1,1.0,26.0,0,1
jayme,comment.other.cannot_or_fail,1,1,1.0,1,1.0,38.0,0,1
jayme,groupchat.input_box.other,1,1,1.0,1,1.0,68.0,0,1
jayme,groupchat.other.cannot_input,1,1,1.0,1,1.0,39.0,0,1
jayme,groupchat.other.display_missing,1,1,1.0,1,1.0,39.0,0,1
jayme,groupchat.other.layout_issue,1,1,1.0,1,1.0,68.0,0,1
jayme,groupchat.other.permission,1,1,1.0,1,1.0,68.0,0,1
jayme,login.chat.other,1,1,1.0,1,1.0,68.0,0,1
jayme,login.page_view.other,1,1,1.0,1,1.0,54.0,0,1
jayme,notification.button_icon.other,1,1,1.0,1,1.0,38.0,0,1
jayme,other.chat.crash,1,1,1.0,1,1.0,24.0,0,1
jayme,other.image_banner.cannot_or_fail,1,1,1.0,1,1.0,65.0,0,1
jayme,other.input_box.cannot_or_fail,1,1,1.0,1,1.0,45.0,0,1
jayme,other.list_item.cannot_or_fail,1,1,1.0,1,1.0,68.0,0,1
jayme,other.list_item.wrong_value,1,1,1.0,1,1.0,32.0,0,1
jayme,other.step.load_fail,1,1,1.0,1,1.0,40.0,0,1
jayme,register.other.only_number,1,1,1.0,1,1.0,43.0,0,1
jayme,search.input_box.other,1,1,1.0,1,1.0,34.0,0,1
jayme,search.step.other,1,1,1.0,1,1.0,62.0,0,1
华为运动,gps_track.list_item.other,1,1,1.0,1,1.0,66.0,0,1
华为运动,gps_track.page_view.other,1,1,1.0,1,1.0,60.0,0,1
华为运动,groupchat.page_view.other,1,1,1.0,1,1.0,56.0,0,1
华为运动,message_send.list_item.other,1,1,1.0,1,1.0,55.0,0,1
华为运动,other.list_item.wrong_value,1,1,1.0,1,1.0,58.0,0,1
华为运动,other.page_view.layout_issue,1,1,1.0,1,1.0,38.0,0,1
华为运动,other.page_view.load_fail,1,1,1.0,1,1.0,56.0,0,1
华为运动,other.page_view.wrong_value,1,1,1.0,1,1.0,39.0,0,1
华为运动,run_walk.other.wrong_value,1,1,1.0,1,1.0,33.0,0,1
华为运动,run_walk.step.other,1,1,1.0,1,1.0,68.0,0,1
华为运动,search.other.cannot_or_fail,1,1,1.0,1,1.0,18.0,0,1
华为运动,share.image_banner.other,1,1,1.0,1,1.0,46.0,0,1
华为运动,share.share_panel.other,1,1,1.0,1,1.0,20.0,0,1
华为运动,sort.other.cannot_or_fail,1,1,1.0,1,1.0,19.0,0,1
华为运动,step_count.gps.other,1,1,1.0,1,1.0,51.0,0,1
沪江英语,comment.list_item.other,1,1,1.0,1,1.0,39.0,0,1
沪江英语,course.input_box.other,1,1,1.0,1,1.0,44.0,0,1
沪江英语,login.list_item.other,1,1,1.0,1,1.0,42.0,0,1
沪江英语,login.share_panel.other,1,1,1.0,1,1.0,65.0,0,1
沪江英语,message_send.button_icon.other,1,1,1.0,1,1.0,36.0,0,1
沪江英语,message_send.other.cannot_or_fail,1,1,1.0,1,1.0,21.0,0,1
沪江英语,other.button_icon.cannot_or_fail,1,1,1.0,1,1.0,62.0,0,1
沪江英语,other.image_banner.wrong_value,1,1,1.0,1,1.0,48.0,0,1
沪江英语,other.page_view.cannot_or_fail,1,1,1.0,1,1.0,68.0,0,1
沪江英语,other.page_view.crash,1,1,1.0,1,1.0,22.0,0,1
沪江英语,other.page_view.freeze,1,1,1.0,1,1.0,68.0,0,1
沪江英语,other.page_view.layout_issue,1,1,1.0,1,1.0,42.0,0,1
沪江英语,playback.button_icon.other,1,1,1.0,1,1.0,68.0,0,1
沪江英语,playback.page_view.other,1,1,1.0,1,1.0,49.0,0,1
沪江英语,register.other.cannot_input,1,1,1.0,1,1.0,18.0,0,1
沪江英语,register.other.crash,1,1,1.0,1,1.0,35.0,0,1
沪江英语,register.other.no_prompt,1,1,1.0,1,1.0,22.0,0,1
沪江英语,search.page_view.other,1,1,1.0,1,1.0,50.0,0,1
途牛,comment.other.cannot_or_fail,1,1,1.0,1,1.0,27.0,0,1
途牛,groupchat.list_item.other,1,1,1.0,1,1.0,37.0,0,1
途牛,login.other.crash,1,1,1.0,1,1.0,23.0,0,1
途牛,login.other.display_missing,1,1,1.0,1,1.0,36.0,0,1
途牛,login.other.load_fail,1,1,1.0,1,1.0,42.0,0,1
途牛,login.other.permission,1,1,1.0,1,1.0,28.0,0,1
途牛,message_send.other.cannot_delete,1,1,1.0,1,1.0,34.0,0,1
途牛,notification.step.other,1,1,1.0,1,1.0,51.0,0,1
途牛,other.button_icon.permission,1,1,1.0,1,1.0,19.0,0,1
途牛,other.chat.crash,1,1,1.0,1,1.0,25.0,0,1
途牛,other.image_banner.display_missing,1,1,1.0,1,1.0,26.0,0,1
途牛,other.input_box.cannot_delete,1,1,1.0,1,1.0,34.0,0,1
途牛,other.input_box.layout_issue,1,1,1.0,1,1.0,59.0,0,1
途牛,other.input_box.wrong_value,1,1,1.0,1,1.0,39.0,0,1
途牛,other.page_view.display_missing,1,1,1.0,1,1.0,31.0,0,1
途牛,other.step.crash,1,1,1.0,1,1.0,62.0,0,1
途牛,other.step.load_fail,1,1,1.0,1,1.0,48.0,0,1
途牛,other.step.wrong_value,1,1,1.0,1,1.0,32.0,0,1
途牛,playback.input_box.other,1,1,1.0,1,1.0,20.0,0,1
途牛,register.button_icon.other,1,1,1.0,1,1.0,68.0,0,1
途牛,register.list_item.other,1,1,1.0,1,1.0,34.0,0,1
途牛,register.other.load_fail,1,1,1.0,1,1.0,32.0,0,1
途牛,register.other.no_prompt,1,1,1.0,1,1.0,25.0,0,1
途牛,register.share_panel.other,1,1,1.0,1,1.0,28.0,0,1
途牛,search.commerce.other,1,1,1.0,1,1.0,25.0,0,1
途牛,search.other.freeze,1,1,1.0,1,1.0,30.0,0,1
途牛,search.other.wrong_value,1,1,1.0,1,1.0,41.0,0,1
途牛,settings.button_icon.other,1,1,1.0,1,1.0,46.0,0,1
途牛,settings.slider.other,1,1,1.0,1,1.0,62.0,0,1
途牛,share.button_icon.other,1,1,1.0,1,1.0,39.0,0,1
途牛,share.chat.other,1,1,1.0,1,1.0,29.0,0,1
途牛,share.image_banner.other,1,1,1.0,1,1.0,67.0,0,1
途牛,share.list_item.other,1,1,1.0,1,1.0,25.0,0,1
途牛,shopping.page_view.other,1,1,1.0,1,1.0,25.0,0,1
途牛,sort.chat.other,1,1,1.0,1,1.0,38.0,0,1
雅思听力,course.list_item.other,1,1,1.0,1,1.0,31.0,0,1
雅思听力,notification.other.cannot_or_fail,1,1,1.0,1,1.0,36.0,0,1
雅思听力,other.page_view.crash,1,1,1.0,1,1.0,50.0,0,1
雅思听力,other.page_view.load_fail,1,1,1.0,1,1.0,22.0,0,1
雅思听力,other.step.wrong_value,1,1,1.0,1,1.0,48.0,0,1
雅思听力,playback.step.other,1,1,1.0,1,1.0,28.0,0,1
雅思听力,register.other.load_fail,1,1,1.0,1,1.0,23.0,0,1
雅思听力,search.page_view.other,1,1,1.0,1,1.0,38.0,0,1
雅思听力,settings.slider.other,1,1,1.0,1,1.0,34.0,0,1
雅思听力,share.page_view.other,1,1,1.0,1,1.0,21.0,0,1
雅思听力,share.share_panel.other,1,1,1.0,1,1.0,36.0,0,1
Slife,gps_track.gps.wrong_value,1,1,1.0,0,1.0,36.0,0,1
Slife,gps_track.page_view.crash,1,1,1.0,0,1.0,27.0,0,1
Slife,login.button_icon.crash,1,1,1.0,0,1.0,68.0,0,1
Slife,login.chat.cannot_or_fail,1,1,1.0,0,1.0,49.0,0,1
Slife,login.list_item.cannot_or_fail,1,1,1.0,0,1.0,28.0,0,1
Slife,login.list_item.wrong_value,1,1,1.0,0,1.0,68.0,0,1
Slife,login.page_view.layout_issue,1,1,1.0,0,1.0,68.0,0,1
Slife,login.share_panel.cannot_share,1,1,1.0,0,1.0,34.0,0,1
Slife,login.share_panel.wrong_value,1,1,1.0,0,1.0,39.0,0,1
Slife,login.step.cannot_or_fail,1,1,1.0,0,1.0,34.0,0,1
Slife,login.step.wrong_value,1,1,1.0,0,1.0,67.0,0,1
Slife,message_send.chat.cannot_or_fail,1,1,1.0,0,1.0,25.0,0,1
Slife,message_send.image_banner.cannot_send,1,1,1.0,0,1.0,17.0,0,1
Slife,register.button_icon.layout_issue,1,1,1.0,0,1.0,55.0,0,1
Slife,register.input_box.no_prompt,1,1,1.0,0,1.0,37.0,0,1
Slife,register.share_panel.cannot_or_fail,1,1,1.0,0,1.0,63.0,0,1
Slife,run_walk.button_icon.cannot_or_fail,1,1,1.0,0,1.0,68.0,0,1
Slife,run_walk.list_item.cannot_or_fail,1,1,1.0,0,1.0,48.0,0,1
Slife,run_walk.list_item.wrong_value,1,1,1.0,0,1.0,68.0,0,1
Slife,run_walk.page_view.display_missing,1,1,1.0,0,1.0,60.0,0,1
Slife,run_walk.page_view.no_prompt,1,1,1.0,0,1.0,26.0,0,1
Slife,run_walk.slider.cannot_or_fail,1,1,1.0,0,1.0,68.0,0,1
Slife,search.button_icon.wrong_value,1,1,1.0,0,1.0,68.0,0,1
Slife,search.page_view.cannot_or_fail,1,1,1.0,0,1.0,39.0,0,1
Slife,settings.page_view.permission,1,1,1.0,0,1.0,18.0,0,1
Slife,settings.slider.cannot_or_fail,1,1,1.0,0,1.0,28.0,0,1
Slife,share.button_icon.cannot_or_fail,1,1,1.0,0,1.0,50.0,0,1
Slife,share.button_icon.wrong_value,1,1,1.0,0,1.0,68.0,0,1
Slife,share.chat.cannot_share,1,1,1.0,0,1.0,53.0,0,1
Slife,share.chat.load_fail,1,1,1.0,0,1.0,32.0,0,1
Slife,share.chat.no_prompt,1,1,1.0,0,1.0,47.0,0,1
Slife,share.image_banner.cannot_or_fail,1,1,1.0,0,1.0,47.0,0,1
Slife,share.list_item.wrong_value,1,1,1.0,0,1.0,68.0,0,1
Slife,share.page_view.load_fail,1,1,1.0,0,1.0,68.0,0,1
Slife,share.share_panel.freeze,1,1,1.0,0,1.0,33.0,0,1
Slife,step_count.gps.cannot_or_fail,1,1,1.0,0,1.0,32.0,0,1
Slife,step_count.list_item.freeze,1,1,1.0,0,1.0,26.0,0,1
Slife,step_count.page_view.freeze,1,1,1.0,0,1.0,68.0,0,1
Slife,step_count.page_view.layout_issue,1,1,1.0,0,1.0,68.0,0,1
Slife,step_count.page_view.permission,1,1,1.0,0,1.0,68.0,0,1
Slife,step_count.step.no_prompt,1,1,1.0,0,1.0,45.0,0,1
Slife,step_count.step.permission,1,1,1.0,0,1.0,68.0,0,1
jayme,comment.button_icon.cannot_or_fail,1,1,1.0,0,1.0,53.0,0,1
jayme,groupchat.button_icon.cannot_or_fail,1,1,1.0,0,1.0,68.0,0,1
jayme,groupchat.button_icon.layout_issue,1,1,1.0,0,1.0,68.0,0,1
jayme,groupchat.chat.cannot_input,1,1,1.0,0,1.0,54.0,0,1
jayme,groupchat.chat.freeze,1,1,1.0,0,1.0,20.0,0,1
jayme,groupchat.chat.wrong_value,1,1,1.0,0,1.0,68.0,0,1
jayme,groupchat.page_view.crash,1,1,1.0,0,1.0,40.0,0,1
jayme,groupchat.page_view.freeze,1,1,1.0,0,1.0,41.0,0,1
jayme,login.page_view.crash,1,1,1.0,0,1.0,35.0,0,1
jayme,message_send.audio.cannot_or_fail,1,1,1.0,0,1.0,32.0,0,1
jayme,message_send.button_icon.cannot_or_fail,1,1,1.0,0,1.0,35.0,0,1
jayme,message_send.button_icon.no_prompt,1,1,1.0,0,1.0,68.0,0,1
jayme,message_send.chat.load_fail,1,1,1.0,0,1.0,48.0,0,1
jayme,message_send.image_banner.load_fail,1,1,1.0,0,1.0,57.0,0,1
jayme,message_send.page_view.cannot_send,1,1,1.0,0,1.0,68.0,0,1
jayme,playback.audio.load_fail,1,1,1.0,0,1.0,28.0,0,1
jayme,register.input_box.only_number,1,1,1.0,0,1.0,68.0,0,1
jayme,register.list_item.cannot_or_fail,1,1,1.0,0,1.0,68.0,0,1
jayme,register.share_panel.cannot_input,1,1,1.0,0,1.0,33.0,0,1
jayme,search.chat.cannot_input,1,1,1.0,0,1.0,64.0,0,1
jayme,search.chat.no_prompt,1,1,1.0,0,1.0,37.0,0,1
jayme,search.input_box.no_prompt,1,1,1.0,0,1.0,52.0,0,1
jayme,search.page_view.cannot_input,1,1,1.0,0,1.0,54.0,0,1
jayme,search.page_view.freeze,1,1,1.0,0,1.0,68.0,0,1
jayme,search.page_view.load_fail,1,1,1.0,0,1.0,68.0,0,1
jayme,search.step.freeze,1,1,1.0,0,1.0,43.0,0,1
jayme,settings.page_view.no_prompt,1,1,1.0,0,1.0,47.0,0,1
jayme,share.button_icon.wrong_value,1,1,1.0,0,1.0,49.0,0,1
jayme,share.chat.cannot_or_fail,1,1,1.0,0,1.0,68.0,0,1
jayme,share.chat.crash,1,1,1.0,0,1.0,60.0,0,1
jayme,share.share_panel.cannot_share,1,1,1.0,0,1.0,70.0,0,1
华为运动,gps_track.gps.cannot_or_fail,1,1,1.0,0,1.0,29.0,0,1
华为运动,gps_track.page_view.cannot_or_fail,1,1,1.0,0,1.0,68.0,0,1
华为运动,groupchat.page_view.wrong_value,1,1,1.0,0,1.0,21.0,0,1
华为运动,login.page_view.wrong_value,1,1,1.0,0,1.0,68.0,0,1
华为运动,message_send.button_icon.cannot_or_fail,1,1,1.0,0,1.0,61.0,0,1
华为运动,message_send.chat.no_prompt,1,1,1.0,0,1.0,41.0,0,1
华为运动,message_send.input_box.cannot_or_fail,1,1,1.0,0,1.0,65.0,0,1
华为运动,message_send.page_view.cannot_or_fail,1,1,1.0,0,1.0,68.0,0,1
华为运动,register.page_view.cannot_or_fail,1,1,1.0,0,1.0,62.0,0,1
华为运动,register.page_view.crash,1,1,1.0,0,1.0,42.0,0,1
华为运动,register.page_view.wrong_value,1,1,1.0,0,1.0,53.0,0,1
华为运动,run_walk.chat.cannot_or_fail,1,1,1.0,0,1.0,22.0,0,1
华为运动,search.chat.cannot_or_fail,1,1,1.0,0,1.0,47.0,0,1
华为运动,settings.button_icon.cannot_or_fail,1,1,1.0,0,1.0,53.0,0,1
华为运动,settings.page_view.layout_issue,1,1,1.0,0,1.0,64.0,0,1
华为运动,settings.page_view.no_prompt,1,1,1.0,0,1.0,59.0,0,1
华为运动,share.page_view.cannot_or_fail,1,1,1.0,0,1.0,68.0,0,1
华为运动,share.share_panel.wrong_value,1,1,1.0,0,1.0,42.0,0,1
华为运动,step_count.list_item.cannot_or_fail,1,1,1.0,0,1.0,68.0,0,1
华为运动,step_count.list_item.no_prompt,1,1,1.0,0,1.0,34.0,0,1
华为运动,step_count.list_item.wrong_value,1,1,1.0,0,1.0,40.0,0,1
华为运动,step_count.page_view.cannot_or_fail,1,1,1.0,0,1.0,19.0,0,1
沪江英语,comment.list_item.cannot_delete,1,1,1.0,0,1.0,41.0,0,1
沪江英语,course.input_box.cannot_or_fail,1,1,1.0,0,1.0,57.0,0,1
沪江英语,course.list_item.freeze,1,1,1.0,0,1.0,68.0,0,1
沪江英语,course.list_item.load_fail,1,1,1.0,0,1.0,17.0,0,1
沪江英语,course.list_item.wrong_value,1,1,1.0,0,1.0,68.0,0,1
沪江英语,course.page_view.display_missing,1,1,1.0,0,1.0,68.0,0,1
沪江英语,course.page_view.layout_issue,1,1,1.0,0,1.0,68.0,0,1
沪江英语,login.button_icon.crash,1,1,1.0,0,1.0,21.0,0,1
沪江英语,login.input_box.layout_issue,1,1,1.0,0,1.0,68.0,0,1
沪江英语,login.page_view.no_prompt,1,1,1.0,0,1.0,30.0,0,1
沪江英语,login.share_panel.cannot_or_fail,1,1,1.0,0,1.0,20.0,0,1
沪江英语,message_send.button_icon.wrong_value,1,1,1.0,0,1.0,42.0,0,1
沪江英语,playback.audio.wrong_value,1,1,1.0,0,1.0,68.0,0,1
沪江英语,playback.list_item.load_fail,1,1,1.0,0,1.0,65.0,0,1
沪江英语,playback.list_item.wrong_value,1,1,1.0,0,1.0,59.0,0,1
沪江英语,register.button_icon.cannot_or_fail,1,1,1.0,0,1.0,66.0,0,1
沪江英语,register.button_icon.crash,1,1,1.0,0,1.0,54.0,0,1
沪江英语,register.input_box.wrong_value,1,1,1.0,0,1.0,68.0,0,1
沪江英语,register.page_view.layout_issue,1,1,1.0,0,1.0,57.0,0,1
沪江英语,register.page_view.permission,1,1,1.0,0,1.0,25.0,0,1
沪江英语,register.share_panel.permission,1,1,1.0,0,1.0,55.0,0,1
沪江英语,settings.page_view.cannot_or_fail,1,1,1.0,0,1.0,31.0,0,1
沪江英语,settings.page_view.crash,1,1,1.0,0,1.0,28.0,0,1
沪江英语,settings.page_view.wrong_value,1,1,1.0,0,1.0,62.0,0,1
沪江英语,share.button_icon.crash,1,1,1.0,0,1.0,41.0,0,1
沪江英语,share.page_view.cannot_share,1,1,1.0,0,1.0,68.0,0,1
沪江英语,sort.step.cannot_or_fail,1,1,1.0,0,1.0,47.0,0,1
沪江英语,sort.step.display_missing,1,1,1.0,0,1.0,68.0,0,1
途牛,comment.page_view.crash,1,1,1.0,0,1.0,29.0,0,1
途牛,gps_track.gps.wrong_value,1,1,1.0,0,1.0,18.0,0,1
途牛,gps_track.page_view.load_fail,1,1,1.0,0,1.0,60.0,0,1
途牛,gps_track.page_view.permission,1,1,1.0,0,1.0,53.0,0,1
途牛,groupchat.chat.wrong_value,1,1,1.0,0,1.0,51.0,0,1
途牛,groupchat.list_item.cannot_or_fail,1,1,1.0,0,1.0,68.0,0,1
途牛,groupchat.page_view.cannot_or_fail,1,1,1.0,0,1.0,40.0,0,1
途牛,login.button_icon.load_fail,1,1,1.0,0,1.0,54.0,0,1
途牛,login.chat.no_prompt,1,1,1.0,0,1.0,68.0,0,1
途牛,login.image_banner.cannot_or_fail,1,1,1.0,0,1.0,22.0,0,1
途牛,login.page_view.cannot_or_fail,1,1,1.0,0,1.0,35.0,0,1
途牛,login.page_view.crash,1,1,1.0,0,1.0,68.0,0,1
途牛,login.page_view.freeze,1,1,1.0,0,1.0,18.0,0,1
途牛,login.page_view.load_fail,1,1,1.0,0,1.0,19.0,0,1
途牛,login.page_view.permission,1,1,1.0,0,1.0,23.0,0,1
途牛,login.share_panel.freeze,1,1,1.0,0,1.0,20.0,0,1
途牛,login.share_panel.wrong_value,1,1,1.0,0,1.0,37.0,0,1
途牛,login.step.cannot_or_fail,1,1,1.0,0,1.0,24.0,0,1
途牛,login.step.load_fail,1,1,1.0,0,1.0,37.0,0,1
途牛,message_send.audio.cannot_send,1,1,1.0,0,1.0,35.0,0,1
途牛,message_send.audio.layout_issue,1,1,1.0,0,1.0,18.0,0,1
途牛,message_send.button_icon.display_missing,1,1,1.0,0,1.0,19.0,0,1
途牛,message_send.chat.load_fail,1,1,1.0,0,1.0,48.0,0,1
途牛,message_send.gps.cannot_or_fail,1,1,1.0,0,1.0,21.0,0,1
途牛,message_send.gps.cannot_send,1,1,1.0,0,1.0,39.0,0,1
途牛,message_send.image_banner.display_missing,1,1,1.0,0,1.0,31.0,0,1
途牛,message_send.input_box.cannot_send,1,1,1.0,0,1.0,29.0,0,1
途牛,message_send.input_box.layout_issue,1,1,1.0,0,1.0,29.0,0,1
途牛,message_send.list_item.display_missing,1,1,1.0,0,1.0,27.0,0,1
途牛,message_send.list_item.layout_issue,1,1,1.0,0,1.0,27.0,0,1
途牛,message_send.page_view.cannot_delete,1,1,1.0,0,1.0,20.0,0,1
途牛,message_send.page_view.layout_issue,1,1,1.0,0,1.0,25.0,0,1
途牛,message_send.slider.cannot_or_fail,1,1,1.0,0,1.0,22.0,0,1
途牛,message_send.step.cannot_or_fail,1,1,1.0,0,1.0,64.0,0,1
途牛,message_send.step.no_prompt,1,1,1.0,0,1.0,33.0,0,1
途牛,notification.image_banner.cannot_or_fail,1,1,1.0,0,1.0,36.0,0,1
途牛,notification.page_view.layout_issue,1,1,1.0,0,1.0,68.0,0,1
途牛,playback.chat.cannot_or_fail,1,1,1.0,0,1.0,21.0,0,1
途牛,playback.list_item.cannot_or_fail,1,1,1.0,0,1.0,42.0,0,1
途牛,playback.page_view.cannot_or_fail,1,1,1.0,0,1.0,33.0,0,1
途牛,playback.page_view.crash,1,1,1.0,0,1.0,35.0,0,1
途牛,playback.page_view.freeze,1,1,1.0,0,1.0,68.0,0,1
途牛,playback.page_view.permission,1,1,1.0,0,1.0,68.0,0,1
途牛,playback.step.freeze,1,1,1.0,0,1.0,43.0,0,1
途牛,private_chat.button_icon.cannot_input,1,1,1.0,0,1.0,68.0,0,1
途牛,private_chat.chat.display_missing,1,1,1.0,0,1.0,21.0,0,1
途牛,private_chat.chat.load_fail,1,1,1.0,0,1.0,68.0,0,1
途牛,private_chat.chat.permission,1,1,1.0,0,1.0,34.0,0,1
途牛,private_chat.image_banner.load_fail,1,1,1.0,0,1.0,68.0,0,1
途牛,private_chat.input_box.cannot_input,1,1,1.0,0,1.0,17.0,0,1
途牛,private_chat.input_box.freeze,1,1,1.0,0,1.0,20.0,0,1
途牛,private_chat.input_box.layout_issue,1,1,1.0,0,1.0,24.0,0,1
途牛,private_chat.input_box.wrong_value,1,1,1.0,0,1.0,68.0,0,1
途牛,private_chat.list_item.cannot_send,1,1,1.0,0,1.0,68.0,0,1
途牛,private_chat.page_view.cannot_delete,1,1,1.0,0,1.0,34.0,0,1
途牛,private_chat.page_view.cannot_input,1,1,1.0,0,1.0,34.0,0,1
途牛,private_chat.page_view.layout_issue,1,1,1.0,0,1.0,42.0,0,1
途牛,private_chat.page_view.no_prompt,1,1,1.0,0,1.0,36.0,0,1
途牛,private_chat.page_view.permission,1,1,1.0,0,1.0,68.0,0,1
途牛,register.button_icon.cannot_or_fail,1,1,1.0,0,1.0,68.0,0,1
途牛,register.button_icon.no_prompt,1,1,1.0,0,1.0,68.0,0,1
途牛,register.chat.cannot_or_fail,1,1,1.0,0,1.0,48.0,0,1
途牛,register.chat.wrong_value,1,1,1.0,0,1.0,68.0,0,1
途牛,register.list_item.wrong_value,1,1,1.0,0,1.0,59.0,0,1
途牛,register.page_view.load_fail,1,1,1.0,0,1.0,50.0,0,1
途牛,register.page_view.permission,1,1,1.0,0,1.0,43.0,0,1
途牛,register.share_panel.permission,1,1,1.0,0,1.0,42.0,0,1
途牛,search.button_icon.wrong_value,1,1,1.0,0,1.0,68.0,0,1
途牛,search.list_item.layout_issue,1,1,1.0,0,1.0,35.0,0,1
途牛,settings.button_icon.crash,1,1,1.0,0,1.0,23.0,0,1
途牛,settings.page_view.layout_issue,1,1,1.0,0,1.0,68.0,0,1
途牛,settings.slider.crash,1,1,1.0,0,1.0,40.0,0,1
途牛,share.button_icon.permission,1,1,1.0,0,1.0,49.0,0,1
途牛,share.chat.cannot_or_fail,1,1,1.0,0,1.0,21.0,0,1
途牛,share.chat.cannot_share,1,1,1.0,0,1.0,25.0,0,1
途牛,share.chat.crash,1,1,1.0,0,1.0,19.0,0,1
途牛,share.image_banner.load_fail,1,1,1.0,0,1.0,68.0,0,1
途牛,share.input_box.cannot_or_fail,1,1,1.0,0,1.0,68.0,0,1
途牛,share.list_item.cannot_or_fail,1,1,1.0,0,1.0,68.0,0,1
途牛,share.list_item.cannot_share,1,1,1.0,0,1.0,31.0,0,1
途牛,share.page_view.wrong_value,1,1,1.0,0,1.0,23.0,0,1
途牛,share.share_panel.cannot_or_fail,1,1,1.0,0,1.0,19.0,0,1
途牛,share.share_panel.permission,1,1,1.0,0,1.0,50.0,0,1
途牛,shopping.chat.cannot_or_fail,1,1,1.0,0,1.0,58.0,0,1
雅思听力,comment.list_item.no_prompt,1,1,1.0,0,1.0,29.0,0,1
雅思听力,login.share_panel.load_fail,1,1,1.0,0,1.0,24.0,0,1
雅思听力,login.share_panel.wrong_value,1,1,1.0,0,1.0,39.0,0,1
雅思听力,playback.audio.cannot_or_fail,1,1,1.0,0,1.0,19.0,0,1
雅思听力,playback.audio.display_missing,1,1,1.0,0,1.0,33.0,0,1
雅思听力,playback.audio.freeze,1,1,1.0,0,1.0,44.0,0,1
雅思听力,playback.list_item.crash,1,1,1.0,0,1.0,25.0,0,1
雅思听力,playback.list_item.no_prompt,1,1,1.0,0,1.0,38.0,0,1
雅思听力,playback.page_view.cannot_or_fail,1,1,1.0,0,1.0,42.0,0,1
雅思听力,playback.page_view.layout_issue,1,1,1.0,0,1.0,27.0,0,1
雅思听力,playback.slider.freeze,1,1,1.0,0,1.0,34.0,0,1
雅思听力,register.share_panel.cannot_or_fail,1,1,1.0,0,1.0,25.0,0,1
雅思听力,register.step.load_fail,1,1,1.0,0,1.0,52.0,0,1
雅思听力,search.input_box.freeze,1,1,1.0,0,1.0,38.0,0,1
雅思听力,settings.page_view.cannot_or_fail,1,1,1.0,0,1.0,34.0,0,1
雅思听力,share.chat.cannot_or_fail,1,1,1.0,0,1.0,57.0,0,1
雅思听力,share.list_item.cannot_share,1,1,1.0,0,1.0,17.0,0,1
